{"cameraMode":{"drawMode":0,"name":"Shaded","section":"Shading Mode"},"sceneLighting":false,"audioPlay":false,"sceneViewState":{"showFog":true,"showMaterialUpdate":false,"showSkybox":true,"showFlares":true,"showImageEffects":true,"showParticleSystems":true},"in2DMode":false,"pivot":{"x":0.4102969169616699,"y":2.4337010383605959,"z":28.566396713256837},"rotation":{"x":-0.1490022987127304,"y":0.09831161051988602,"z":-0.014889506623148919,"w":-0.9838249087333679},"size":12.053478240966797,"orthographic":false}