{"cameraMode":{"drawMode":0,"name":"Shaded","section":"Shading Mode"},"sceneLighting":false,"audioPlay":false,"sceneViewState":{"showFog":true,"showMaterialUpdate":false,"showSkybox":true,"showFlares":true,"showImageEffects":true,"showParticleSystems":true},"in2DMode":false,"pivot":{"x":0.06777381896972656,"y":0.5324509143829346,"z":2.1712114810943605},"rotation":{"x":-0.12650690972805024,"y":0.4706142544746399,"z":-0.0683894231915474,"w":-0.8705407381057739},"size":116.85954284667969,"orthographic":false}