{"cameraMode":{"drawMode":0,"name":"Shaded","section":"Shading Mode"},"sceneLighting":false,"audioPlay":false,"sceneViewState":{"showFog":true,"showMaterialUpdate":false,"showSkybox":true,"showFlares":true,"showImageEffects":true,"showParticleSystems":true},"in2DMode":false,"pivot":{"x":-1.3570303916931153,"y":2.721318244934082,"z":20.729045867919923},"rotation":{"x":-0.2566278874874115,"y":0.37364670634269717,"z":-0.1083788275718689,"w":-0.88475102186203},"size":10.584504127502442,"orthographic":false}