{"cameraMode":{"drawMode":0,"name":"Shaded","section":"Shading Mode"},"sceneLighting":false,"audioPlay":false,"sceneViewState":{"showFog":true,"showMaterialUpdate":false,"showSkybox":true,"showFlares":true,"showImageEffects":true,"showParticleSystems":true},"in2DMode":false,"pivot":{"x":-18.6049861907959,"y":-4.5370330810546879,"z":-5.006305694580078},"rotation":{"x":-0.3374941945075989,"y":0.41570162773132326,"z":-0.16957049071788789,"w":-0.8273667693138123},"size":46.480857849121097,"orthographic":false}