{"cameraMode":{"drawMode":0,"name":"Shaded","section":"Shading Mode"},"sceneLighting":false,"audioPlay":false,"sceneViewState":{"showFog":true,"showMaterialUpdate":false,"showSkybox":true,"showFlares":true,"showImageEffects":true,"showParticleSystems":true},"in2DMode":false,"pivot":{"x":4.085915565490723,"y":-1.1847171783447266,"z":-3.762047052383423},"rotation":{"x":-0.23938396573066712,"y":0.29214709997177126,"z":-0.07578413933515549,"w":-0.9228230118751526},"size":13.669086456298829,"orthographic":false}