{"cameraMode":{"drawMode":0,"name":"Shaded","section":"Shading Mode"},"sceneLighting":false,"audioPlay":false,"sceneViewState":{"showFog":true,"showMaterialUpdate":false,"showSkybox":true,"showFlares":true,"showImageEffects":true,"showParticleSystems":true},"in2DMode":false,"pivot":{"x":-0.15679803490638734,"y":2.0092790126800539,"z":1.9589580297470093},"rotation":{"x":-0.23938395082950593,"y":0.29214709997177126,"z":-0.07578413933515549,"w":-0.9228230118751526},"size":15.95859146118164,"orthographic":false}