{"cameraMode":{"drawMode":0,"name":"Shaded","section":"Shading Mode"},"sceneLighting":false,"audioPlay":false,"sceneViewState":{"showFog":true,"showMaterialUpdate":false,"showSkybox":true,"showFlares":true,"showImageEffects":true,"showParticleSystems":true},"in2DMode":false,"pivot":{"x":-112.85041809082031,"y":-40.36538314819336,"z":70.78995513916016},"rotation":{"x":-0.12650690972805024,"y":0.4706142544746399,"z":-0.0683894231915474,"w":-0.8705407381057739},"size":151.20533752441407,"orthographic":false}