{"cameraMode":{"drawMode":0,"name":"Shaded","section":"Shading Mode"},"sceneLighting":false,"audioPlay":false,"sceneViewState":{"showFog":true,"showMaterialUpdate":false,"showSkybox":true,"showFlares":true,"showImageEffects":true,"showParticleSystems":true},"in2DMode":false,"pivot":{"x":1.3200000524520875,"y":1.0,"z":6.960000038146973},"rotation":{"x":-0.23938396573066712,"y":0.29214709997177126,"z":-0.07578413933515549,"w":-0.9228229522705078},"size":6.402400970458984,"orthographic":false}