{"cameraMode":{"drawMode":0,"name":"Shaded","section":"Shading Mode"},"sceneLighting":false,"audioPlay":false,"sceneViewState":{"showFog":true,"showMaterialUpdate":false,"showSkybox":true,"showFlares":true,"showImageEffects":true,"showParticleSystems":true},"in2DMode":false,"pivot":{"x":0.5498185157775879,"y":1.1180667877197266,"z":26.67275619506836},"rotation":{"x":-0.2566278874874115,"y":0.37364667654037478,"z":-0.1083788275718689,"w":-0.8847509622573853},"size":10.276848793029786,"orthographic":false}