{"cameraMode":{"drawMode":0,"name":"Shaded","section":"Shading Mode"},"sceneLighting":false,"audioPlay":false,"sceneViewState":{"showFog":true,"showMaterialUpdate":false,"showSkybox":true,"showFlares":true,"showImageEffects":true,"showParticleSystems":true},"in2DMode":false,"pivot":{"x":-23.1436767578125,"y":-8.574090957641602,"z":-6.665987014770508},"rotation":{"x":-0.22879230976104737,"y":0.38740676641464236,"z":-0.09987502545118332,"w":-0.8874655365943909},"size":52.03217315673828,"orthographic":false}