{"cameraMode":{"drawMode":0,"name":"Shaded","section":"Shading Mode"},"sceneLighting":false,"audioPlay":false,"sceneViewState":{"showFog":true,"showMaterialUpdate":false,"showSkybox":true,"showFlares":true,"showImageEffects":true,"showParticleSystems":true},"in2DMode":false,"pivot":{"x":-0.000274658203125,"y":2.0,"z":31.029998779296876},"rotation":{"x":0.4921181797981262,"y":-0.35604190826416018,"z":0.23047880828380586,"w":0.7602192759513855},"size":11.325568199157715,"orthographic":false}