{"cameraMode":{"drawMode":0,"name":"Shaded","section":"Shading Mode"},"sceneLighting":false,"audioPlay":false,"sceneViewState":{"showFog":true,"showMaterialUpdate":false,"showSkybox":true,"showFlares":true,"showImageEffects":true,"showParticleSystems":true},"in2DMode":false,"pivot":{"x":-0.48011642694473269,"y":1.3153657913208008,"z":25.34389877319336},"rotation":{"x":0.39372020959854128,"y":-0.03583719953894615,"z":0.015363175421953202,"w":0.9184030294418335},"size":17.20493507385254,"orthographic":false}